alphabet	index	time
dna	sa	4639675	1.271572
dna	esa	4639675	2.129674
dna	fm-tl	4639675	1.691164
dna	fm-wt	4639675	1.854605
